population,Ns_sig_vs_ref,pct_sig_vs_ref,risk_allele_index,pct_risk_among_sig,risk_among_sig_fraction,weighted_abs_score_sig,weighted_abs_score_sig_norm
 gnomAD_SAS,1/2,50.0%,1,100.0%,1/1,0.004413,0.019589
1KG_AFR,2/2,100.0%,0,0.0%,0/2,0.036885,0.081859
1KG_AMR,2/2,100.0%,1,50.0%,1/2,0.009421,0.020908
1KG_EAS,1/2,50.0%,1,100.0%,1/1,0.149522,0.663659
1KG_EAS_CDX,1/2,50.0%,1,100.0%,1/1,0.134218,0.595730
1KG_EAS_CHB,1/2,50.0%,1,100.0%,1/1,0.138400,0.614294
1KG_EAS_CHS,1/2,50.0%,1,100.0%,1/1,0.152441,0.676612
1KG_EAS_JPT,1/2,50.0%,1,100.0%,1/1,0.157963,0.701122
1KG_EAS_KHV,1/2,50.0%,1,100.0%,1/1,0.162380,0.720730
1KG_EUR,0/2,0.0%,0,0.0%,0/0,0.000000,nan
1KG_SAS,0/2,0.0%,0,0.0%,0/0,0.000000,nan
East Asia,1/2,50.0%,1,100.0%,1/1,0.139135,0.617555
Northeast Asia,1/2,50.0%,1,100.0%,1/1,0.098375,0.436639
OSEA,1/2,50.0%,1,100.0%,1/1,0.048914,0.217106
gnomAD_AFR,2/2,100.0%,0,0.0%,0/2,0.034190,0.075876
gnomAD_AMR,2/2,100.0%,1,50.0%,1/2,0.008833,0.019604
gnomAD_EAS,2/2,100.0%,2,100.0%,2/2,0.161101,0.357525
gnomAD_EUR,Reference (2 SNPs),,,,,,
