snp_id,chrom,pos,ref,alt,dataset,genetic_ancestry_group,group_name,aa_count,total_count,alt_homozygote_count,allele_frequency,alt_homozygote_frequency,heterozygote_count,ref_homozygote_count
rs1229984,4,99318162,T,C,1KG,Admixed American,1KG_AMR,641,680,304,0.9426470588235294,0.8941176470588236,33,3.0
rs1229984,4,99318162,T,C,1KG,African,1KG_AFR,1284,1286,641,0.9984447900466563,0.9968895800933126,2,0.0
rs1229984,4,99318162,T,C,1KG,East Asian,1KG_EAS,304,990,45,0.30707070707070705,0.09090909090909091,214,236.0
rs1229984,4,99318162,T,C,1KG,East Asian,1KG_EAS_CDX,66,176,13,0.375,0.14772727272727273,40,35.0
rs1229984,4,99318162,T,C,1KG,East Asian,1KG_EAS_CHB,72,202,13,0.3564356435643564,0.12871287128712872,46,42.0
rs1229984,4,99318162,T,C,1KG,East Asian,1KG_EAS_CHS,60,204,7,0.29411764705882354,0.06862745098039216,46,49.0
rs1229984,4,99318162,T,C,1KG,East Asian,1KG_EAS_JPT,55,204,5,0.2696078431372549,0.049019607843137254,45,52.0
rs1229984,4,99318162,T,C,1KG,East Asian,1KG_EAS_KHV,51,204,7,0.25,0.06862745098039216,37,58.0
rs1229984,4,99318162,T,C,1KG,European,1KG_EUR,994,1022,484,0.9726027397260274,0.9471624266144814,26,1.0
rs1229984,4,99318162,T,C,1KG,South Asian,1KG_SAS,969,990,475,0.9787878787878788,0.9595959595959596,19,1.0
rs1229984,4,99318162,T,C,HGDP,Central/South Asian,OSEA,10,12,4,0.8333333333333334,0.6666666666666666,2,0.0
rs1229984,4,99318162,T,C,HGDP,East Asian,East Asia,89,252,19,0.3531746031746032,0.15079365079365079,51,56.0
rs1229984,4,99318162,T,C,HGDP,East Asian,Northeast Asia,47,88,14,0.5340909090909091,0.3181818181818182,19,11.0
rs1229984,4,99318162,T,C,HGDP,East Asian,OSEA,70,98,24,0.7142857142857143,0.4897959183673469,22,3.0
rs1229984,4,99318162,T,C,HGDP,Oceanian,OSEA,24,28,10,0.8571428571428571,0.7142857142857143,4,0.0
rs1229984,4,99318162,T,C,gnomAD,Admixed American,gnomAD_AMR,56328,60000,26462,0.9388,0.8820666666666667,3404,134.0
rs1229984,4,99318162,T,C,gnomAD,African/African American,gnomAD_AFR,74073,75004,36606,0.987587328675804,0.9761079409098181,861,35.0
rs1229984,4,99318162,T,C,gnomAD,East Asian,gnomAD_EAS,11503,44858,1547,0.2564314057693165,0.06897320433367515,8409,12473.0
rs1229984,4,99318162,T,C,gnomAD,European (non-Finnish),gnomAD_EUR,1145459,1179998,556257,0.970729611406121,0.942810072559445,32945,797.0
rs1229984,4,99318162,T,C,gnomAD,South Asian, gnomAD_SAS,86628,91078,41286,0.9511407804299611,0.9066075232218538,4056,197.0
rs2066702,4,99307860,G,A,1KG,Admixed American,1KG_AMR,14,680,0,0.020588235294117647,0.0,14,326.0
rs2066702,4,99307860,G,A,1KG,African,1KG_AFR,249,1286,27,0.19362363919129083,0.041990668740279936,195,421.0
rs2066702,4,99307860,G,A,1KG,East Asian,1KG_EAS,0,990,0,0.0,0.0,0,495.0
rs2066702,4,99307860,G,A,1KG,East Asian,1KG_EAS_CDX,0,176,0,0.0,0.0,0,88.0
rs2066702,4,99307860,G,A,1KG,East Asian,1KG_EAS_CHB,0,202,0,0.0,0.0,0,101.0
rs2066702,4,99307860,G,A,1KG,East Asian,1KG_EAS_CHS,0,204,0,0.0,0.0,0,102.0
rs2066702,4,99307860,G,A,1KG,East Asian,1KG_EAS_JPT,0,204,0,0.0,0.0,0,102.0
rs2066702,4,99307860,G,A,1KG,East Asian,1KG_EAS_KHV,0,204,0,0.0,0.0,0,102.0
rs2066702,4,99307860,G,A,1KG,European,1KG_EUR,0,1022,0,0.0,0.0,0,511.0
rs2066702,4,99307860,G,A,1KG,South Asian,1KG_SAS,0,990,0,0.0,0.0,0,495.0
rs2066702,4,99307860,G,A,HGDP,Central/South Asian,OSEA,0,12,0,0.0,0.0,0,6.0
rs2066702,4,99307860,G,A,HGDP,East Asian,East Asia,0,252,0,0.0,0.0,0,126.0
rs2066702,4,99307860,G,A,HGDP,East Asian,Northeast Asia,0,88,0,0.0,0.0,0,44.0
rs2066702,4,99307860,G,A,HGDP,East Asian,OSEA,0,98,0,0.0,0.0,0,49.0
rs2066702,4,99307860,G,A,HGDP,Oceanian,OSEA,0,28,0,0.0,0.0,0,14.0
rs2066702,4,99307860,G,A,gnomAD,Admixed American,gnomAD_AMR,687,59986,9,0.011452672290201048,0.00030007001633714533,669,29315.0
rs2066702,4,99307860,G,A,gnomAD,African/African American,gnomAD_AFR,14355,74744,1424,0.1920555496093332,0.03810339291448143,11507,24441.0
rs2066702,4,99307860,G,A,gnomAD,East Asian,gnomAD_EAS,4,44858,0,8.917027063177136e-05,0.0,4,22425.0
rs2066702,4,99307860,G,A,gnomAD,European (non-Finnish),gnomAD_EUR,1361,1179850,2,0.0011535364664999788,3.3902614739161757e-06,1357,588566.0
rs2066702,4,99307860,G,A,gnomAD,South Asian, gnomAD_SAS,125,91060,0,0.0013727212826707665,0.0,125,45405.0
